Name,Marks
Bxkbpca X.,
Qlxuux T.,0.0
Povdd G.,
Uqmci Y.,
Xdsgl X.,26.0
Xdxkvy V.,
Kqxv E.,
Brea Q.,41.0
Lavn V.,
Kehw M.,
Cmiln K.,59.0
Zqumncd S.,
Dscch W.,88.0
Uztg P.,
Osohcvp F.,31.0
Qanh Q.,
Gwakax I.,
Sytjw L.,
Jawkm F.,
Bebwb L.,
Ntcbq G.,59.0
Dhooq V.,
Piaqz Z.,36.0
Wrttukz G.,71.0
Mctm P.,
Gwxsy G.,
Yygf R.,
Hdgtam E.,33.0
Prnexfd U.,
Ydhos D.,
Gnwzuh O.,74.0
Uvfcf A.,80.0
Eeqccpq T.,
Qfjmgf J.,
Gggv W.,50.0
Qgeza E.,
Rbhgc E.,
Zccfu L.,5.0
Ydfotw L.,
Vipbn Q.,
Rzbj D.,
Jdukym I.,
Iepvic Z.,
Msdn Q.,
Aghxsng R.,
Qskildb V.,34.0
Bnpgc T.,32.0
Niscrj T.,
Htyoxj K.,
Yalnket I.,
Gnxtgn J.,34.0
Obmgha E.,
Favnz I.,
Ruccxc U.,
Dvami M.,15.0
Jxjgt T.,
Ymolg W.,
Kwmp R.,41.0
Gbnqrw D.,
Viquc Y.,74.0
Avhimh S.,2.0
Axrfqkm C.,80.0
Yfjvza F.,84.0
Ouoezo U.,86.0
Qvjn J.,41.0
Rsceup Z.,
Hqos Y.,
Ogyc E.,
Adblpuw X.,
Snffkm H.,95.0
Qtuu E.,7.0
Dsfhn Q.,22.0
Ijsevhs J.,76.0
Unhdb H.,53.0
Ooif H.,
Hdqtokn K.,
Exjqy O.,
Ibyivx E.,
Hccv Q.,44.0
Qrtrhee Q.,
Djjvxw J.,
Tycw G.,
Gjhp E.,
Iraj V.,
Odxnezd T.,
Weobogq N.,86.0
Uugc S.,
Kuhgm C.,
Upxjgz S.,
Aywh A.,
Ykviare W.,
Djvpgle T.,
Kuhmi C.,
Rfbdo I.,
Qqir Q.,
Lfeihv L.,
Kcaz O.,
Txcpflc D.,
Xgxo G.,10.0
Lvvpgf O.,
Rzhxjuh O.,91.0
Zhpzqe K.,
Thiygcg J.,
Kopixc C.,47.0
Svjee L.,
Znnrvtw D.,
Aokdsiy A.,
Tijft U.,14.0
Lvjqk J.,
Ejba W.,
Amxowq G.,
Rqewd K.,
Hcevvrp N.,
Nfqv O.,79.0
Oxxprf J.,
Xafspbj F.,31.0
Ucgptm W.,
Afuzcg P.,98.0
Kltdjk C.,30.0
Gpuf J.,
Yxkuvl J.,59.0
Skzmcu X.,
Vncp S.,
Wmrzu Y.,
Fcpm E.,94.0
Jzumlf X.,
Bwbskfm G.,
Sykyphj N.,72.0
Xnzf W.,
Mqljito J.,
Emgz J.,55.0
Sdxdw Y.,65.0
Slqdk C.,
Gobr T.,
Etemtvh F.,
Szhsxl E.,
Gnjfywv L.,24.0
Oqeq C.,90.0
Fqgrrd Z.,
Amqx V.,
Ltzpx Y.,
Ovyz E.,
Cuqqhlw T.,
Ijbwgfa N.,95.0
Lzztyg S.,
Qtep B.,
Labiow F.,45.0
Cuogbl Y.,63.0
Pvqq D.,
Suzbi M.,35.0
Hrjls G.,
Gmadifd E.,
Hpjadxx Z.,
Cavkt F.,
Rvsuuym Y.,
Kstgoha J.,
Qqmm C.,
Getrct T.,77.0
Uehw I.,
Fjsmd I.,22.0
Jqwxn W.,59.0
Dvwj B.,
Klniuy J.,94.0
Jgzdq P.,67.0
Jznke V.,
Vgpiw A.,100.0
Zqdeibw J.,52.0
Aupn E.,57.0
Prtc M.,
Dyhrmpo Z.,77.0
Gwiww S.,
Uhup H.,29.0
Vtvzcqs P.,
Tvpf W.,59.0
Froxw C.,
Yggn E.,
Jenjup Z.,48.0
Lqkrkvd Y.,
Ebsfltb W.,
Pozw K.,
Tfyldtf V.,75.0
Upena K.,
Ibzf T.,
Ocecbqf Q.,
Tfubj C.,
Xiek X.,
Ghoxeei W.,
Kkndo O.,
Zqychy V.,
Rqjhge H.,41.0
Wytg T.,18.0
Dcqy B.,
Fhbfygs J.,
Btkuklx N.,
Hhxecqh V.,
Jfjnv U.,61.0
Xeldbwj X.,34.0
Ixgg A.,4.0
Khbzuwl S.,59.0
Zjeg N.,16.0
Fensy L.,
Oeirwtd E.,
Lozdly Z.,
Zmnidjd E.,
Uitluwd E.,73.0
Zfpltls P.,
Txhnq W.,60.0
Asgvix P.,
Wpnhxh I.,25.0
Omiemzs V.,
Sutks Y.,
Klehil P.,92.0
Kzltct C.,
Rvsiv X.,53.0
Veqg Y.,75.0
Nnnvxvq U.,20.0
Luludw O.,63.0
Roauq D.,
Epsjcpl T.,17.0
Cgkqtg Q.,
Aodi A.,
Vfln T.,98.0
Hscp K.,
Vultrtp U.,
Ppuyos O.,
Ngsx R.,32.0
Fxorgg R.,
Xgodug V.,53.0
Ozdntw I.,
Pybnu D.,
Sesxfb V.,
Qzprmzu D.,
Kisq K.,
Qzchwx W.,42.0
Wxcavhb L.,
Svkz H.,
Itcvofc F.,33.0
Wzlijez V.,
Tvyrs F.,3.0
Ggtk T.,
Jljuh B.,
Drnw O.,
Vsscsm S.,49.0
Jkkhi L.,39.0
Nvystdd A.,
Wanl C.,
Edoaim X.,80.0
Szyzpqh W.,
Uxjdi P.,
Yafbn H.,
Xnjmw W.,
Litr P.,
Gafmw F.,
Qvgculn V.,90.0
Anfpo B.,
Gfill F.,
Hamn O.,22.0
Cgived W.,70.0
Podh A.,81.0
Ljywdd T.,
Uhyurns K.,
Njgmr C.,76.0
Ehnrj E.,
Qxtjoj O.,
Rujqngv H.,
Lkbw Z.,5.0
Kvelxq M.,1.0
Ydqmlhb J.,
Luynf M.,
Hglbs X.,
Skehv O.,94.0
Hqpnb N.,
Xxlhn P.,
Vieglm Z.,54.0
Wmmb U.,
Mjygbr K.,40.0
Npgcly E.,
Gypssl R.,
Bqxetka R.,
Qxlwo P.,
Psiyyd U.,
Qyndl C.,
Lcwr H.,
Xwna H.,87.0
Axcyfba T.,46.0
Rlmxu O.,
Scav R.,
Fbijezx Z.,91.0
Zhwup L.,
Stlljg S.,
Pcflgo H.,
Gkogmxj X.,58.0
Pmrp N.,
Vqyvux R.,
Jpke B.,
Vnbsn W.,
Vjwzu R.,97.0
Wyvgvzs O.,25.0
Nbjox V.,
Fsbccb Q.,
Rcvu F.,
Nddeyzw J.,
Rmqmf O.,68.0
Djcxcj D.,
Lfkdl N.,67.0
Aiesik X.,
Acfig O.,
Idtlem V.,95.0
Gmwan E.,44.0
Pijejh J.,60.0
Jhnjnv Y.,
Pztu K.,
Fsirng N.,
Ilzdez F.,32.0
Npwjxw U.,
Nssgq G.,27.0
Tvfsr M.,
Kcsjgo W.,
Uitg D.,
Awtidhl P.,
Zdyncr W.,65.0
Sxhr F.,
Kphhqgp S.,80.0
Xndx X.,33.0
Hhtjoc C.,84.0
Xoxzzh X.,
Mcmkxcn G.,19.0
Telnmco M.,
Yuytiq T.,
Inkiqjm C.,
Dhxalc K.,
Ghxvjdp V.,45.0
Lqjru P.,92.0
Oojmq R.,
Zwez S.,5.0
Nsgtj O.,
Peydagg S.,
Grfwkxt D.,83.0
Eknvgzm K.,
Qrfltp V.,
Ogpkfby P.,
Kvtiih H.,
Lpdqp I.,
Vlmwdn X.,
Qpmlj L.,
Nueapiv H.,
Pyizd A.,
Bicgqdm J.,
Nuqbeo J.,
Hkivi G.,
Cemopa D.,
Ilvapdo T.,
Xpinrqs J.,
Ngrenvk I.,79.0
Jindwn G.,
Eltfp C.,
Kmsai F.,58.0
Dzmu T.,
Nfsbdpl E.,16.0
Bnwbix T.,16.0
Zlruro S.,
Zjouv M.,55.0
Lptobt Q.,
Lzpzee L.,61.0
Pbji T.,
Uepqo Y.,
Cbxbr T.,
Xhtu Z.,
Yxirjkf K.,
Utlme M.,
Vnkje D.,
Quqobh X.,
Chfnt K.,
Tmzwsr O.,
Alig O.,16.0
Vtigiwd T.,
Zjqecnc E.,
Bupmrk V.,24.0
Wmmlgdq V.,
Qexmsj O.,
Txbmjju T.,
Blxwud O.,1.0
Inbe X.,100.0
Zlfs D.,1.0
Xagn D.,12.0
Bnwpihi D.,
Meefafx K.,
Wyhzw G.,
Coiuqx C.,19.0
Kfcajol Q.,81.0
Tmllejq F.,
Zypkll G.,
Cxts Q.,
Bwnumh F.,13.0
Ouhqfv U.,41.0
Rrtvjxx Z.,
Ylpll K.,
Mepyb N.,
Bbfs X.,30.0
Cuxc J.,
Hcujuq M.,68.0
Onwft Y.,
Kauw U.,
Cwyjb U.,91.0
Ckmep J.,55.0
Pkqdx P.,
Ykfifx I.,
Oxjcc D.,
Vxsd J.,4.0
Deszspl A.,
Qtgkery V.,9.0
Mnkjhwh N.,
Kvqua W.,
Fzoo J.,89.0
Grefyor H.,53.0
Qniuxgx Y.,29.0
Nmhrj P.,
Nqom I.,66.0
Zkipc N.,11.0
Tpqi O.,73.0
Yppsdq M.,
Wktq K.,
Bnmf N.,33.0
Tilk M.,
Sqoqi D.,
Uhkzpa K.,
Bftryuc V.,
Vqnxzq H.,
Wwtqy R.,99.0
Chqjki S.,
Ncxrj P.,
Fchvn M.,
Eqny M.,30.0
Lytvd I.,
Tidwa V.,64.0
Rjhsr O.,43.0
Vcng E.,75.0
Rsxnd N.,
Egrnvp O.,
Uhcdi H.,
Gpvrolk W.,
Rfmq V.,
Lrjuj K.,
Mdfqgp A.,16.0
Cldb V.,
Pfrvlsg B.,
Zmitqxp C.,
Orybc L.,30.0
Cdzwk Q.,
Czxlumz G.,
Kzht K.,
Mliub P.,
Hiwn K.,
Wjon F.,
Xflisr I.,
Jurvx D.,
Salpvdg R.,86.0
Sydjln E.,75.0
Flkq Z.,
Alczmc W.,64.0
Jikzuyk E.,
Qbxa N.,
Azvcy D.,
Vouusnx Q.,21.0
Vckskxa N.,
Wtysg U.,
Nnfvv L.,
Fkxufgw C.,19.0
Dmaig O.,
Hvxe I.,
Aruqj W.,87.0
Juff U.,
Hlzlcr I.,
Ujumtn N.,
Fpikso O.,
Qxbga G.,
Ktpmqdz K.,
Qrrvw T.,
Mqxd A.,4.0
Mewir N.,11.0
Ypix F.,
Fgyzii I.,
Hbjl J.,
Qxabng V.,
Uthav A.,47.0
Hcpw N.,
Smel F.,
Uraodx E.,
Hgkacf D.,61.0
Jfxk A.,11.0
Wofs L.,
Gvjlsq M.,
Llai V.,28.0
Cojco N.,
Zdoao Z.,
Xnoh S.,
Wzin B.,
Nbrady M.,
Tegotbh D.,
Iroymgw Q.,
